{"best_params": {"terms_option": "auto", "max_iter": 272, "tol": 0.09156529495554037, "fit_intercept": true}, "best_value": 0.8461444546039214}