{"best_params": {"terms_option": "auto", "max_iter": 368, "tol": 0.069513604993303, "fit_intercept": false}, "best_value": 0.8389574431075641}
