{"best_params": {"n_estimators": 280, "criterion": "entropy", "max_depth": 26, "min_samples_split": 2, "min_samples_leaf": 1, "min_weight_fraction_leaf": 0.0011723691519857603, "max_features": "log2", "max_leaf_nodes": 100, "min_impurity_decrease": 0.00020712905189035043, "bootstrap": false, "class_weight": null, "ccp_alpha": 0.00026469427540157535}, "best_value": 0.8506126839170731}
