{"best_params": {"learning_rate": 0.2896027779817393, "max_depth": 10, "min_child_weight": 1.2646569686590456, "subsample": 0.9323226684735562, "colsample_bytree": 0.6961040747673508, "reg_alpha": 1.046220932209122, "reg_lambda": 0.8626759113789945, "scale_pos_weight": 4.541731121439532, "n_estimators": 365, "gamma": 0.004571785264911518, "max_delta_step": 0.6586642621092984}, "best_value": 0.9370923176043267}