{"best_params": {"learning_rate": 0.26109738696965085, "max_depth": 10, "min_child_weight": 2.8618598048479336, "subsample": 0.8658549356431035, "colsample_bytree": 0.6765296008309722, "reg_alpha": 3.268084681188794, "reg_lambda": 5.5498416919261135, "scale_pos_weight": 2.6674262770496138, "n_estimators": 444, "gamma": 0.0030755496701013584, "max_delta_step": 7.604503809246733}, "best_value": 0.8949516188281177}
