{"best_params": {"learning_rate": 0.04104827611220117, "max_depth": 9, "min_child_weight": 7.019843175550228, "subsample": 0.9051666516306037, "colsample_bytree": 0.5941580627925221, "reg_alpha": 6.127711022894911, "reg_lambda": 1.2815178404061613, "scale_pos_weight": 4.984009429259703, "n_estimators": 274, "gamma": 3.351168498286658, "max_delta_step": 3.4207241011833798}, "best_value": 0.8698027911806568}