{"best_params": {"learning_rate": 0.03437114678262486, "max_depth": 6, "min_child_weight": 9.588464219127449, "subsample": 0.5465076961620297, "colsample_bytree": 0.6003002614899823, "reg_alpha": 8.579602514350436, "reg_lambda": 1.1803238056562555, "scale_pos_weight": 3.8307394260658176, "n_estimators": 460, "gamma": 1.8349690471934739, "max_delta_step": 9.944174595339588}, "best_value": 0.8508937369552898}